{"cameraMode":{"drawMode":0,"name":"Shaded","section":"Shading Mode"},"sceneLighting":false,"audioPlay":false,"sceneViewState":{"showFog":true,"showMaterialUpdate":false,"showSkybox":false,"showFlares":true,"showImageEffects":true,"showParticleSystems":true},"in2DMode":false,"pivot":{"x":0.04582500457763672,"y":0.5036777257919312,"z":-0.022261857986450197},"rotation":{"x":-0.20381174981594087,"y":0.7207536697387695,"z":-0.2374950349330902,"w":-0.6185013055801392},"size":7.200584888458252,"orthographic":false}